{
  "models": {
    "LR": {
      "spatial": {
        "roc_auc_mean": 0.573709259835831,
        "roc_auc_std": 0.06916158020491037,
        "f1_mean": 0.3281529154016229,
        "f1_std": 0.11685428698000923,
        "accuracy_mean": 0.5245226766167678,
        "accuracy_std": 0.09673268694497857,
        "recall_mean": 0.44451698506760273,
        "recall_std": 0.29784939712326275,
        "precision_mean": 0.328019801485611,
        "precision_std": 0.027876993347180617,
        "pr_auc_mean": 0.40461488955783836,
        "pr_auc_std": 0.0658811732068692,
        "balanced_accuracy_mean": 0.5317065098559745,
        "balanced_accuracy_std": 0.06560806432696709,
        "brier_mean": 0.30734830566123456,
        "brier_std": 0.13285199161028172,
        "gain_top20pct_mean": 0.23309795292981425,
        "gain_top20pct_std": 0.06669397028072274,
        "threshold_mean": 0.11
      },
      "random": {
        "roc_auc_mean": 0.6964412800592464,
        "roc_auc_std": 0.059433742302883605,
        "f1_mean": 0.6056636814348383,
        "f1_std": 0.03455898912509596,
        "accuracy_mean": 0.6183822419777476,
        "accuracy_std": 0.00622104129181062,
        "recall_mean": 0.7730212355212357,
        "recall_std": 0.11780219401300537,
        "precision_mean": 0.5043440941011017,
        "precision_std": 0.020726406154991477,
        "pr_auc_mean": 0.5926316366785014,
        "pr_auc_std": 0.08743787631097195,
        "balanced_accuracy_mean": 0.647925300706981,
        "balanced_accuracy_std": 0.02054144693186168,
        "brier_mean": 0.2481162564959398,
        "brier_std": 0.03942314126831002,
        "gain_top20pct_mean": 0.3367385242385242,
        "gain_top20pct_std": 0.06154129701807155,
        "threshold_mean": 0.11
      },
      "delta": {
        "roc_auc": 0.1227,
        "f1": 0.2775,
        "accuracy": 0.0939,
        "recall": 0.3285,
        "precision": 0.1763,
        "pr_auc": 0.188,
        "balanced_accuracy": 0.1162,
        "brier": -0.0592,
        "gain_top20pct": 0.1036
      },
      "global_auc_spatial_oof": 0.5150877404570946,
      "elapsed_s": 15.214880466461182,
      "xgboost_used": null
    },
    "RF": {
      "spatial": {
        "roc_auc_mean": 0.6166994414806123,
        "roc_auc_std": 0.10781360882543858,
        "f1_mean": 0.4962513705789326,
        "f1_std": 0.08905852337118393,
        "accuracy_mean": 0.4689904045868752,
        "accuracy_std": 0.17660035399724835,
        "recall_mean": 0.791013371218206,
        "recall_std": 0.16408581727587374,
        "precision_mean": 0.3939833819961102,
        "precision_std": 0.11876897014054147,
        "pr_auc_mean": 0.44111637685395816,
        "pr_auc_std": 0.11717775918539551,
        "balanced_accuracy_mean": 0.567817806569353,
        "balanced_accuracy_std": 0.10581100170835613,
        "brier_mean": 0.21409590183496033,
        "brier_std": 0.05618975938295466,
        "gain_top20pct_mean": 0.2628625332266348,
        "gain_top20pct_std": 0.08394724580927264,
        "threshold_mean": 0.19000000000000003
      },
      "random": {
        "roc_auc_mean": 0.6810615171478851,
        "roc_auc_std": 0.021995507055436087,
        "f1_mean": 0.5602172613493955,
        "f1_std": 0.02925739805998992,
        "accuracy_mean": 0.6087737169197843,
        "accuracy_std": 0.021392520352443288,
        "recall_mean": 0.6484448734448734,
        "recall_std": 0.03331776324795579,
        "precision_mean": 0.4936705870334189,
        "precision_std": 0.030616465399194954,
        "pr_auc_mean": 0.5184314101064377,
        "pr_auc_std": 0.022084975918888063,
        "balanced_accuracy_mean": 0.615118765985846,
        "balanced_accuracy_std": 0.016104132148548878,
        "brier_mean": 0.22356860245388196,
        "brier_std": 0.006369047285013793,
        "gain_top20pct_mean": 0.29181145431145433,
        "gain_top20pct_std": 0.039057721573973254,
        "threshold_mean": 0.30000000000000004
      },
      "delta": {
        "roc_auc": 0.0644,
        "f1": 0.064,
        "accuracy": 0.1398,
        "recall": -0.1426,
        "precision": 0.0997,
        "pr_auc": 0.0773,
        "balanced_accuracy": 0.0473,
        "brier": 0.0095,
        "gain_top20pct": 0.0289
      },
      "global_auc_spatial_oof": 0.6331291081227765,
      "elapsed_s": 29.123266458511353,
      "xgboost_used": null
    },
    "XGB": {
      "spatial": {
        "roc_auc_mean": 0.6227038792671972,
        "roc_auc_std": 0.0688034623394603,
        "f1_mean": 0.42633499761177146,
        "f1_std": 0.08379456742502285,
        "accuracy_mean": 0.4806711756912765,
        "accuracy_std": 0.19012128969591172,
        "recall_mean": 0.6271457000522194,
        "recall_std": 0.28442200434643156,
        "precision_mean": 0.3983768377991934,
        "precision_std": 0.11775615652529667,
        "pr_auc_mean": 0.4843772659727277,
        "pr_auc_std": 0.06481358850371752,
        "balanced_accuracy_mean": 0.5563375546109351,
        "balanced_accuracy_std": 0.09463561293159671,
        "brier_mean": 0.27159324100346577,
        "brier_std": 0.123809572119606,
        "gain_top20pct_mean": 0.3169540945579304,
        "gain_top20pct_std": 0.09202778658392301,
        "threshold_mean": 0.10000000000000002
      },
      "random": {
        "roc_auc_mean": 0.697470114904613,
        "roc_auc_std": 0.034424211631337784,
        "f1_mean": 0.6093643697947813,
        "f1_std": 0.032878723440207265,
        "accuracy_mean": 0.6221584283382037,
        "accuracy_std": 0.05269252861257031,
        "recall_mean": 0.7742975117975118,
        "recall_std": 0.1494215101099181,
        "precision_mean": 0.512871298227878,
        "precision_std": 0.023881390186120104,
        "pr_auc_mean": 0.576713598137622,
        "pr_auc_std": 0.019920475360536084,
        "balanced_accuracy_mean": 0.6452387798400442,
        "balanced_accuracy_std": 0.03271735862916711,
        "brier_mean": 0.2466636160225509,
        "brier_std": 0.016094975675220946,
        "gain_top20pct_mean": 0.3217610467610468,
        "gain_top20pct_std": 0.0023053035711363017,
        "threshold_mean": 0.10333333333333335
      },
      "delta": {
        "roc_auc": 0.0748,
        "f1": 0.183,
        "accuracy": 0.1415,
        "recall": 0.1472,
        "precision": 0.1145,
        "pr_auc": 0.0923,
        "balanced_accuracy": 0.0889,
        "brier": -0.0249,
        "gain_top20pct": 0.0048
      },
      "global_auc_spatial_oof": 0.6219924018573237,
      "elapsed_s": 27.798758029937744,
      "xgboost_used": true
    }
  },
  "comparisons": {
    "RF_vs_LR": {
      "nadeau_bengio": {
        "t": 0.984681610467627,
        "p": 0.4285910934182935,
        "mean_diff": 0.042990181644781224
      },
      "wilcoxon": {
        "w": NaN,
        "p": NaN
      },
      "scores_a": [
        0.6001089008276463,
        0.49373456232303153,
        0.7562548612911589
      ],
      "scores_b": [
        0.5567591113692464,
        0.49876068265730295,
        0.6656079854809438
      ],
      "noise_threshold_auc": 0.03
    },
    "XGB_vs_LR": {
      "nadeau_bengio": {
        "t": 1.311621081836944,
        "p": 0.3199881246427001,
        "mean_diff": 0.048994619431366015
      },
      "wilcoxon": {
        "w": NaN,
        "p": NaN
      },
      "scores_a": [
        0.6528604617395092,
        0.5275081115041353,
        0.6877430645579466
      ],
      "scores_b": [
        0.5567591113692464,
        0.49876068265730295,
        0.6656079854809438
      ],
      "noise_threshold_auc": 0.03
    },
    "RF_vs_XGB": {
      "nadeau_bengio": {
        "t": -0.10086512086138706,
        "p": 0.9288583043841601,
        "mean_diff": -0.006004437786584789
      },
      "wilcoxon": {
        "w": NaN,
        "p": NaN
      },
      "scores_a": [
        0.6001089008276463,
        0.49373456232303153,
        0.7562548612911589
      ],