{
  "spatial": {
    "regime": "spatial",
    "model": "rgcn",
    "n_blocks": 8,
    "auc_oof_global": 0.6472251838530505,
    "auc_oof_ci95": {"ci_low": 0.6283805136996028, "ci_high": 0.6651939610586507, "n_boot": 1000},
    "per_fold_auc": [0.506432251599654, 0.6209574364916013, 0.5317693412124948, 0.6754396932566474, 0.5773128690041498, 0.6532890150876949, 0.6589175109678076, 0.5680206904978482],
    "auc_mean": 0.5990173510147372,
    "auc_std": 0.05850358684167756,
    "global_metrics": {"roc_auc": 0.6472251838530505, "f1": 0.639894811811757, "accuracy": 0.5744529327981355, "recall": 0.8491251878059419, "precision": 0.5133915489655981, "pr_auc": 0.5604198989623895, "balanced_accuracy": 0.601551506565877, "brier": 0.30984633483192014, "threshold_used": 0.05, "ece": 0.2644179978794992},
    "per_fold": [
      {"fold": 0, "metrics": {"roc_auc": 0.506432251599654, "f1": 0.09523809523809523, "accuracy": 0.7575520833333333, "recall": 0.06155778894472362, "precision": 0.21030042918454936, "pr_auc": 0.22825127741949514, "balanced_accuracy": 0.5005555041964092, "brier": 0.2386317150583075, "threshold_used": 0.7999999999999999, "ece": 0.2344549820341247}, "best_epoch": 117, "n_val_nodes": 1877, "n_val_micro": 6, "audit": {"n_removed_cross_block_near": 19, "n_removed_cross_block_subbasin": 24, "n_cross_block_near": 0, "n_cross_block_subbasin": 0, "n_edges_near_directed": 60954, "n_edges_subbasin_directed": 65272, "n_wells_missing_subbasin": 1475}, "n_edges_near": 60954, "n_edges_subbasin": 65272},
      {"fold": 1, "metrics": {"roc_auc": 0.6209574364916013, "f1": 0.3638392857142857, "accuracy": 0.6517488926225752, "recall": 0.25883287018658196, "precision": 0.612206572769953, "pr_auc": 0.4990419770382711, "balanced_accuracy": 0.578150298052576, "brier": 0.28043425705838226, "threshold_used": 0.7999999999999999, "ece": 0.2369411374664619}, "best_epoch": 88, "n_val_nodes": 1739, "n_val_micro": 6, "audit": {"n_removed_cross_block_near": 19, "n_removed_cross_block_subbasin": 24, "n_cross_block_near": 0, "n_cross_block_subbasin": 0, "n_edges_near_directed": 60954, "n_edges_subbasin_directed": 65272, "n_wells_missing_subbasin": 1475}, "n_edges_near": 60954, "n_edges_subbasin": 65272},
      {"fold": 2, "metrics": {"roc_auc": 0.5317693412124948, "f1": 0.6812623925974884, "accuracy": 0.5817886178861789, "recall": 0.7718083114938226, "precision": 0.6097308488612836, "pr_auc": 0.5952411292370059, "balanced_accuracy": 0.5460895793884255, "brier": 0.34253867810472105, "threshold_used": 0.5499999999999999, "ece": 0.30443630614900974}, "best_epoch": 56, "n_val_nodes": 1470, "n_val_micro": 6, "audit": {"n_removed_cross_block_near": 19, "n_removed_cross_block_subbasin": 24, "n_cross_block_near": 0, "n_cross_block_subbasin": 0, "n_edges_near_directed": 60954, "n_edges_subbasin_directed": 65272, "n_wells_missing_subbasin": 1475}, "n_edges_near": 60954, "n_edges_subbasin": 65272},
      {"fold": 3, "metrics": {"roc_auc": 0.6754396932566474, "f1": 0.23980016652789343, "accuracy": 0.6448852586542202, "recall": 0.14076246334310852, "precision": 0.8089887640449438, "pr_auc": 0.5967089154049463, "balanced_accuracy": 0.5593993195268514, "brier": 0.28937620913780954, "threshold_used": 0.6, "ece": 0.271058394263188}, "best_epoch": 127, "n_val_nodes": 1879, "n_val_micro": 6, "audit": {"n_removed_cross_block_near": 19, "n_removed_cross_block_subbasin": 24, "n_cross_block_near": 0, "n_cross_block_subbasin": 0, "n_edges_near_directed": 60954, "n_edges_subbasin_directed": 65272, "n_wells_missing_subbasin": 1475}, "n_edges_near": 60954, "n_edges_subbasin": 65272},
      {"fold": 4, "metrics": {"roc_auc": 0.5773128690041498, "f1": 0.5546585940127817, "accuracy": 0.5594742971219431, "recall": 0.5599320882852292, "precision": 0.5494835054981673, "pr_auc": 0.5285397026405142, "balanced_accuracy": 0.5594833305092161, "brier": 0.3533178010443458, "threshold_used": 0.7999999999999999, "ece": 0.3178481098907132}, "best_epoch": 120, "n_val_nodes": 1747, "n_val_micro": 6, "audit": {"n_removed_cross_block_near": 19, "n_removed_cross_block_subbasin": 24, "n_cross_block_near": 0, "n_cross_block_subbasin": 0, "n_edges_near_directed": 60954, "n_edges_subbasin_directed": 65272, "n_wells_missing_subbasin": 1475}, "n_edges_near": 60954, "n_edges_subbasin": 65272},
      {"fold": 5, "metrics": {"roc_auc": 0.6532890150876949, "f1": 0.4025661587810746, "accuracy": 0.7139016897081413, "recall": 0.4141914191419142, "precision": 0.3915756630265211, "pr_auc": 0.45169430536236854, "balanced_accuracy": 0.6094981119733595, "brier": 0.21155403052221966, "threshold_used": 0.39999999999999997, "ece": 0.21963778348316293}, "best_epoch": 113, "n_val_nodes": 1856, "n_val_micro": 6, "audit": {"n_removed_cross_block_near": 19, "n_removed_cross_block_subbasin": 24, "n_cross_block_near": 0, "n_cross_block_subbasin": 0, "n_edges_near_directed": 60954, "n_edges_subbasin_directed": 65272, "n_wells_missing_subbasin": 1475}, "n_edges_near": 60954, "n_edges_subbasin": 65272},
      {"fold": 6, "metrics": {"roc_auc": 0.6589175109678076, "f1": 0.4799054373522459, "accuracy": 0.6153846153846154, "recall": 0.6105263157894737, "precision": 0.3953261927945472, "pr_auc": 0.5164589482240601, "balanced_accuracy": 0.613950773421539, "brier": 0.2826762405857221, "threshold_used": 0.5499999999999999, "ece": 0.2598910890047445}, "best_epoch": 85, "n_val_nodes": 1755, "n_val_micro": 6, "audit": {"n_removed_cross_block_near": 19, "n_removed_cross_block_subbasin": 24, "n_cross_block_near": 0, "n_cross_block_subbasin": 0, "n_edges_near_directed": 60954, "n_edges_subbasin_directed": 65272, "n_wells_missing_subbasin": 1475}, "n_edges_near": 60954, "n_edges_subbasin": 65272},
      {"fold": 7, "metrics": {"roc_auc": 0.5680206904978482, "f1": 0.45213193885760256, "accuracy": 0.6083956296722254, "recall": 0.38493150684931504, "precision": 0.5477582846003899, "pr_auc": 0.4806528017989885, "balanced_accuracy": 0.57750044123437, "brier": 0.32966030905882043, "threshold_used": 0.49999999999999994, "ece": 0.3100973013081535}, "best_epoch": 96, "n_val_nodes": 1955, "n_val_micro": 6, "audit": {"n_removed_cross_block_near": 19, "n_removed_cross_block_subbasin": 24, "n_cross_block_near": 0, "n_cross_block_subbasin": 0, "n_edges_near_directed": 60954, "n_edges_subbasin_directed": 65272, "n_wells_missing_subbasin": 1475}, "n_edges_near": 60954, "n_edges_subbasin": 65272}
    ],
    "n_cross_block_total": 0
  },
  "random": {
    "regime": "random", "model": "rgcn", "n_blocks": 8,
    "auc_oof_global": 0.8214094734185873,
    "auc_oof_ci95": {"ci_low": 0.8064859194930426, "ci_high": 0.8365101287788507, "n_boot": 1000},
    "per_fold_auc": [0.8456738119058504, 0.84633166847861, 0.7780153289703003, 0.8258844808520982, 0.8323987780372615, 0.8486245732016682, 0.8085760332089091, 0.8324497853973766],
    "auc_mean": 0.8272443075065092, "auc_std": 0.022328796515105505,
    "global_metrics": {"roc_auc": 0.8214094734185873, "f1": 0.7419237914004803, "accuracy": 0.7541542578445336, "recall": 0.7936315610914554, "precision": 0.6965417499680974, "pr_auc": 0.7745605737929229, "balanced_accuracy": 0.7580490036540724, "brier": 0.18983705518525443, "threshold_used": 0.44999999999999996, "ece": 0.13131103129863494},
    "per_fold": [
      {"fold": 0, "metrics": {"roc_auc": 0.8456738119058504}, "best_epoch": 56, "n_val_nodes": 1784, "n_val_micro": 6, "audit": {"n_removed_cross_block_near": 27399, "n_removed_cross_block_subbasin": 28844, "n_cross_block_near": 0, "n_cross_block_subbasin": 0, "n_edges_near_directed": 6194, "n_edges_subbasin_directed": 7632, "n_wells_missing_subbasin": 1475}, "n_edges_near": 6194, "n_edges_subbasin": 7632},
      {"fold": 1, "metrics": {"roc_auc": 0.84633166847861}, "best_epoch": 47, "n_val_nodes": 1785, "n_val_micro": 6, "audit": {"n_removed_cross_block_near": 27399, "n_removed_cross_block_subbasin": 28844, "n_cross_block_near": 0, "n_cross_block_subbasin": 0}, "n_edges_near": 6194, "n_edges_subbasin": 7632},
      {"fold": 2,