{
  "spatial": {
    "regime": "spatial",
    "model": "hgt",
    "n_blocks": 8,
    "auc_oof_global": 0.6440466245847614,
    "auc_oof_ci95": {"ci_low": 0.6232407513550454, "ci_high": 0.664131522508496, "n_boot": 1000},
    "per_fold_auc": [0.46270672515006045, 0.6058709517695308, 0.5495771197068735, 0.5784558513365715, 0.6113734402289418, 0.6874254617653958, 0.6862351118090975, 0.5868281358187273],
    "auc_mean": 0.5960590996981497,
    "auc_std": 0.06814400382016979,
    "global_metrics": {"roc_auc": 0.6440466245847614, "f1": 0.6064225110084845, "accuracy": 0.6045793948810911, "recall": 0.6841467551979838, "precision": 0.5445567471645706, "pr_auc": 0.5635006847825819, "balanced_accuracy": 0.6124293394741135, "brier": 0.32675560414280025, "threshold_used": 0.2, "ece": 0.30186658965079416},
    "per_fold": [
      {"fold": 0, "metrics": {"roc_auc": 0.46270672515006045, "f1": 0.006615214994487321, "accuracy": 0.7653645833333333, "recall": 0.0037688442211055275, "precision": 0.02702702702702703, "pr_auc": 0.18400891757238935, "balanced_accuracy": 0.4841446060790153, "brier": 0.2184878366989959, "threshold_used": 0.5499999999999999, "ece": 0.22326224357263225}, "best_epoch": 158, "n_val_nodes": 1877, "n_val_micro": 6, "audit": {"n_removed_cross_block_near": 19, "n_removed_cross_block_subbasin": 24, "n_cross_block_near": 0, "n_cross_block_subbasin": 0, "n_edges_near_directed": 60954, "n_edges_subbasin_directed": 65272, "n_wells_missing_subbasin": 1475}, "n_edges_near": 60954, "n_edges_subbasin": 65272},
      {"fold": 1, "metrics": {"roc_auc": 0.6058709517695308, "f1": 0.48886086591004624, "accuracy": 0.6285321521307469, "recall": 0.46169114728066696, "precision": 0.5194283162125949, "pr_auc": 0.5085219203663714, "balanced_accuracy": 0.5972805289531438, "brier": 0.32091651471555005, "threshold_used": 0.65, "ece": 0.3051996065603266}, "best_epoch": 134, "n_val_nodes": 1739, "n_val_micro": 6, "audit": {"n_removed_cross_block_near": 19, "n_removed_cross_block_subbasin": 24, "n_cross_block_near": 0, "n_cross_block_subbasin": 0, "n_edges_near_directed": 60954, "n_edges_subbasin_directed": 65272, "n_wells_missing_subbasin": 1475}, "n_edges_near": 60954, "n_edges_subbasin": 65272},
      {"fold": 2, "metrics": {"roc_auc": 0.5495771197068735, "f1": 0.6734892375354168, "accuracy": 0.5815176151761517, "recall": 0.7453201048296518, "precision": 0.6142868163233819, "pr_auc": 0.6036697852815546, "balanced_accuracy": 0.5507440081191782, "brier": 0.379234024343541, "threshold_used": 0.7999999999999999, "ece": 0.362246383750473}, "best_epoch": 109, "n_val_nodes": 1470, "n_val_micro": 6, "audit": {"n_removed_cross_block_near": 19, "n_removed_cross_block_subbasin": 24, "n_cross_block_near": 0, "n_cross_block_subbasin": 0, "n_edges_near_directed": 60954, "n_edges_subbasin_directed": 65272, "n_wells_missing_subbasin": 1475}, "n_edges_near": 60954, "n_edges_subbasin": 65272},
      {"fold": 3, "metrics": {"roc_auc": 0.5784558513365715, "f1": 0.4048991354466859, "accuracy": 0.6787242318164138, "recall": 0.27468230694037143, "precision": 0.7698630136986301, "pr_auc": 0.5639950031016137, "balanced_accuracy": 0.6102093705244493, "brier": 0.287326065262777, "threshold_used": 0.65, "ece": 0.25138187708165777}, "best_epoch": 107, "n_val_nodes": 1879, "n_val_micro": 6, "audit": {"n_removed_cross_block_near": 19, "n_removed_cross_block_subbasin": 24, "n_cross_block_near": 0, "n_cross_block_subbasin": 0, "n_edges_near_directed": 60954, "n_edges_subbasin_directed": 65272, "n_wells_missing_subbasin": 1475}, "n_edges_near": 60954, "n_edges_subbasin": 65272},
      {"fold": 4, "metrics": {"roc_auc": 0.6113734402289418, "f1": 0.5762018411183089, "accuracy": 0.5864248877058725, "recall": 0.5738539898132428, "precision": 0.578568983224923, "pr_auc": 0.5676484564932323, "balanced_accuracy": 0.5861768318276912, "brier": 0.3507943894955678, "threshold_used": 0.65, "ece": 0.3192654288536726}, "best_epoch": 162, "n_val_nodes": 1747, "n_val_micro": 6, "audit": {"n_removed_cross_block_near": 19, "n_removed_cross_block_subbasin": 24, "n_cross_block_near": 0, "n_cross_block_subbasin": 0, "n_edges_near_directed": 60954, "n_edges_subbasin_directed": 65272, "n_wells_missing_subbasin": 1475}, "n_edges_near": 60954, "n_edges_subbasin": 65272},
      {"fold": 5, "metrics": {"roc_auc": 0.6874254617653958, "f1": 0.18994413407821228, "accuracy": 0.7772657450076805, "recall": 0.11221122112211221, "precision": 0.6181818181818182, "pr_auc": 0.398395802016001, "balanced_accuracy": 0.5455951000505456, "brier": 0.2038556527287289, "threshold_used": 0.5499999999999999, "ece": 0.18989635434948743}, "best_epoch": 121, "n_val_nodes": 1856, "n_val_micro": 6, "audit": {"n_removed_cross_block_near": 19, "n_removed_cross_block_subbasin": 24, "n_cross_block_near": 0, "n_cross_block_subbasin": 0, "n_edges_near_directed": 60954, "n_edges_subbasin_directed": 65272, "n_wells_missing_subbasin": 1475}, "n_edges_near": 60954, "n_edges_subbasin": 65272},
      {"fold": 6, "metrics": {"roc_auc": 0.6862351118090975, "f1": 0.4884447220487195, "accuracy": 0.6420454545454546, "recall": 0.58796992481203, "precision": 0.41773504273504275, "pr_auc": 0.5224687984164745, "balanced_accuracy": 0.6260860098490217, "brier": 0.2741187155089977, "threshold_used": 0.6, "ece": 0.25458706903981265}, "best_epoch": 79, "n_val_nodes": 1755, "n_val_micro": 6, "audit": {"n_removed_cross_block_near": 19, "n_removed_cross_block_subbasin": 24, "n_cross_block_near": 0, "n_cross_block_subbasin": 0, "n_edges_near_directed": 60954, "n_edges_subbasin_directed": 65272, "n_wells_missing_subbasin": 1475}, "n_edges_near": 60954, "n_edges_subbasin": 65272},
      {"fold": 7, "metrics": {"roc_auc": 0.5868281358187273, "f1": 0.46384039900249374, "accuracy": 0.6290971822886716, "recall": 0.3821917808219178, "precision": 0.5898520084566596, "pr_auc": 0.48918434475993766, "balanced_accuracy": 0.5949611034932185, "brier": 0.3287820413689825, "threshold_used": 0.6, "ece": 0.30664391521484413}, "best_epoch": 121, "n_val_nodes": 1955, "n_val_micro": 6, "audit": {"n_removed_cross_block_near": 19, "n_removed_cross_block_subbasin": 24, "n_cross_block_near": 0, "n_cross_block_subbasin": 0, "n_edges_near_directed": 60954, "n_edges_subbasin_directed": 65272, "n_wells_missing_subbasin": 1475}, "n_edges_near": 60954, "n_edges_subbasin": 65272}
    ],
    "n_cross_block_total": 0
  },
  "random": {
    "regime": "random", "model": "hgt", "n_blocks": 8,
    "auc_oof_global": 0.8078119993925388,
    "auc_oof_ci95": {"ci_low": 0.7919603495838516, "ci_high": 0.8233789539478366, "n_boot": 1000},
    "per_fold_auc": [0.81787105550284, 0.8428803403476592, 0.8087422127586767, 0.7870891584258579, 0.7870922411681782, 0.8219166207954365, 0.7998081719129432, 0.8116945770640431],
    "auc_mean": 0.8096367972469545, "auc_std": 0.017471476302924605,
    "global_metrics": {"roc_auc": 0.8078119993925388, "f1": 0.7301981816992609, "accuracy": 0.7329405671371229, "recall": 0.8116124654679397, "precision": 0.6636284378219862, "pr_auc": 0.7593237073405721, "balanced_accuracy": 0.7407021673770354, "brier": 0.18145844277644896, "threshold_used": 0.39999999999999997, "ece": 0.06107168175751806},
    "per_fold": [
      {"fold": 0, "metrics": {"roc_auc": 0.81787105550284}, "best_epoch": 87, "n_val_nodes": 1784, "n_val_micro": 6, "audit": {"n_removed_cross_block_near": 27399, "n_removed_cross_block_subbasin": 28844, "n_cross_block_near": 0, "n_cross_block_subbasin": 0, "n_edges_near_directed": 6194, "n_edges_subbasin_directed": 7632, "n_wells_missing_subbasin": 1475}, "n_edges_near": 6194, "n_edges_subbasin": 7632},
      {"fold": 1, "metrics": {"roc_auc": 0.8428803403476592}, "best_epoch": 97, "n_val_nodes": 1785, "n_val_micro": 6, "audit": {"n_removed_cross_block_near": 27399, "n_removed_cross_block_subbasin": 28844, "n_cross_block_near": 0, "n_cross_block_subbasin": 0}, "n_edges_near": 6194, "n_edges_subbasin": 7632},
      {"fold": 2, "metrics": {"roc_auc": 0.8087422127586767}, "best_epoch": 69,