{
  "relation": "spatial",
  "completed_blocks": [
    0,
    1,
    2
  ],
  "per_fold": [
    {
      "fold": 0,
      "roc_auc": 0.7032655384774622,
      "pr_auc": 0.6597917698940592,
      "recall": 0.8350877192982457,
      "precision": 0.5876543209876544,
      "f1": 0.6898550724637681,
      "accuracy": 0.657051282051282,
      "balanced_accuracy": 0.6712311752833411,
      "brier": 0.24123475271833328,
      "ece": 0.10569006331142258,
      "gain_top20pct": 0.3192982456140351,
      "lift_top20pct": 3.495475530932594,
      "gain_top10pct": 0.16140350877192983,
      "threshold_used": 0.13,
      "elapsed_s": 10.35862922668457
    },
    {
      "fold": 1,
      "roc_auc": 0.7225158496014061,
      "pr_auc": 0.4702467707837727,
      "recall": 0.9553072625698324,
      "precision": 0.3592436974789916,
      "f1": 0.5221374045801527,
      "accuracy": 0.4983974358974359,
      "balanced_accuracy": 0.634957002071433,
      "brier": 0.21734134272179545,
      "ece": 0.14670972927539663,
      "gain_top20pct": 0.3463687150837989,
      "lift_top20pct": 6.037264754533255,
      "gain_top10pct": 0.1340782122905028,
      "threshold_used": 0.07,
      "elapsed_s": 9.460749864578247
    },
    {
      "fold": 2,
      "roc_auc": 0.7507441900023389,
      "pr_auc": 0.6052460822835971,
      "recall": 0.9766536964980544,
      "precision": 0.5070707070707071,
      "f1": 0.6675531914893617,
      "accuracy": 0.5987158908507223,
      "balanced_accuracy": 0.6549935149156939,
      "brier": 0.24880197191204492,
      "ece": 0.03502515520632571,
      "gain_top20pct": 0.3346303501945525,
      "lift_top20pct": 4.055928174537086,
      "gain_top10pct": 0.13229571984435798,
      "threshold_used": 0.06,
      "elapsed_s": 9.456965208053589
    }
  ]
}