{
  "relation": "subbasin_knn",
  "completed_blocks": [
    0,
    1,
    2
  ],
  "per_fold": [
    {
      "fold": 0,
      "roc_auc": 0.5183098591549296,
      "pr_auc": 0.29190124582425,
      "recall": 0.9295774647887324,
      "precision": 0.22996515679442509,
      "f1": 0.3687150837988827,
      "accuracy": 0.27910685805422647,
      "balanced_accuracy": 0.5091186293015827,
      "brier": 0.23188614199074437,
      "ece": 0.23676332141129708,
      "gain_top20pct": 0.2323943661971831,
      "lift_top20pct": 5.1306784368180915,
      "gain_top10pct": 0.15492957746478872,
      "threshold_used": 0.05,
      "elapsed_s": 16.28571605682373
    },
    {
      "fold": 1,
      "roc_auc": 0.5189662888470046,
      "pr_auc": 0.5286992398040173,
      "recall": 0.6023856858846919,
      "precision": 0.5738636363636364,
      "f1": 0.5877788554801164,
      "accuracy": 0.5595854922279793,
      "balanced_accuracy": 0.5576863494358524,
      "brier": 0.3294051259499513,
      "ece": 0.2773972732645631,
      "gain_top20pct": 0.1709741550695825,
      "lift_top20pct": 1.6400602350114026,
      "gain_top10pct": 0.09542743538767395,
      "threshold_used": 0.12,
      "elapsed_s": 9.36104679107666
    },
    {
      "fold": 2,
      "roc_auc": 0.6530982628986258,
      "pr_auc": 0.49256415860848346,
      "recall": 0.8552631578947368,
      "precision": 0.30952380952380953,
      "f1": 0.45454545454545453,
      "accuracy": 0.44086021505376344,
      "balanced_accuracy": 0.5704887218045113,
      "brier": 0.2222704626300699,
      "ece": 0.17682874327045678,
      "gain_top20pct": 0.3815789473684211,
      "lift_top20pct": 7.003981994459833,
      "gain_top10pct": 0.2236842105263158,
      "threshold_used": 0.05,
      "elapsed_s": 11.807270765304565
    }
  ]
}