{
  "graphsage": {
    "auc_spatial": 0.6152475663274487,
    "auc_spatial_std": 0.06317332767266776,
    "auc_random": 0.8081348142457624,
    "auc_random_std": 0.01360279083866631,
    "delta_random_minus_spatial": 0.1928872479183137,
    "per_fold_spatial": [
      0.47757038312455835,
      0.6359232395857028,
      0.5769400618117373,
      0.6120507399577167,
      0.612870886894656,
      0.7059282880239977,
      0.6366738241166687,
      0.6640231071045521
    ],
    "per_fold_random": [
      0.8224237012987013,
      0.8035005005328253,
      0.8010882227059087,
      0.8087451978613752,
      0.8370874130446908,
      0.7975102801946192,
      0.8006291015819563,
      0.7940940967460228
    ],
    "per_fold_best_epoch_spatial": [
      137,
      144,
      104,
      176,
      144,
      166,
      144,
      108
    ],
    "per_fold_n_val_micro_spatial": [
      8,
      8,
      8,
      8,
      8,
      8,
      8,
      8
    ],
    "total_removed_cross_block": 152
  },
  "gcn": {
    "auc_spatial": 0.630638356307523,
    "auc_spatial_std": 0.04695170536987474,
    "auc_random": 0.8350844499101788,
    "auc_random_std": 0.013222488019351077,
    "delta_random_minus_spatial": 0.20444609360265587,
    "per_fold_spatial": [
      0.6001300441101698,
      0.6852737467343523,
      0.5646567772354472,
      0.6692800093962883,
      0.6057488506950097,
      0.5828576100853329,
      0.6362413658916237,
      0.7009184463119594
    ],
    "per_fold_random": [
      0.836834656084656,
      0.8243084865261614,
      0.8185072720982494,
      0.8430286693403495,
      0.8488136983100331,
      0.8587236132748716,
      0.825365786398237,
      0.8250934172488724
    ],
    "per_fold_best_epoch_spatial": [
      163,
      141,
      122,
      154,
      165,
      189,
      173,
      139
    ],
    "per_fold_n_val_micro_spatial": [
      8,
      8,
      8,
      8,
      8,
      8,
      8,
      8
    ],
    "total_removed_cross_block": 152
  }
}