{
  "smoke": false,
  "seed": 42,
  "k": 8,
  "n_features": 96,
  "target": "T1a",
  "prevalence": 0.4452716992533126,
  "models": {
    "RF": {
      "spatial": {
        "roc_auc": 0.6009263696712559,
        "f1": 0.5539408404134507,
        "accuracy": 0.4455061127462683,
        "recall": 0.9681001670105164,
        "precision": 0.39690423206142444,
        "pr_auc": 0.4895714351677386,
        "balanced_accuracy": 0.5440632292098919,
        "roc_auc_std": 0.05606108625455329,
        "f1_std": 0.11983363543046018,
        "accuracy_std": 0.09407254654107404,
        "recall_std": 0.05024742674838719,
        "precision_std": 0.11523989333871536,
        "n_folds": 8
      },
      "random": {
        "roc_auc": 0.8982215638012714,
        "f1": 0.758794843282125,
        "accuracy": 0.7361565478566244,
        "recall": 0.932466735370288,
        "precision": 0.6400246612010729,
        "pr_auc": 0.8800620825725328,
        "balanced_accuracy": 0.755569582528752,
        "roc_auc_std": 0.01290560601301447,
        "f1_std": 0.016164082473934086,
        "accuracy_std": 0.017324972367333723,
        "recall_std": 0.013616094489150701,
        "precision_std": 0.022234105797457125,
        "n_folds": 8
      },
      "delta": {
        "roc_auc": 0.2973,
        "f1": 0.2049,
        "accuracy": 0.2907,
        "recall": -0.0356,
        "precision": 0.2431
      },
      "elapsed_s": 736.7
    },
    "XGB": {
      "spatial": {
        "roc_auc": 0.5877739078600925,
        "f1": 0.5200612336901989,
        "accuracy": 0.5102978291537154,
        "recall": 0.7495420305419956,
        "precision": 0.4110141390341973,
        "pr_auc": 0.4744726043883176,
        "balanced_accuracy": 0.5525703571511975,
        "roc_auc_std": 0.0684108294175911,
        "f1_std": 0.12211656186991043,
        "accuracy_std": 0.07121478263356154,
        "recall_std": 0.1003794576093091,
        "precision_std": 0.12749840188788988,
        "n_folds": 8
      },
      "random": {
        "roc_auc": 0.9004275887452768,
        "f1": 0.7690302593470421,
        "accuracy": 0.7522122388792246,
        "recall": 0.9271682417644082,
        "precision": 0.6573374379499116,
        "pr_auc": 0.8860648870370139,
        "balanced_accuracy": 0.769490625595325,
        "roc_auc_std": 0.01171073361740882,
        "f1_std": 0.016143973599898727,
        "accuracy_std": 0.01626458027725883,
        "recall_std": 0.018428412866823847,
        "precision_std": 0.021350877311066805,
        "n_folds": 8
      },
      "delta": {
        "roc_auc": 0.3127,
        "f1": 0.249,
        "accuracy": 0.2419,
        "recall": 0.1776,
        "precision": 0.2463
      },
      "elapsed_s": 475.3
    }
  },
  "wall_s": 1212.9
}