{
  "smoke": false,
  "seed": 42,
  "k": 8,
  "dataset": "v2",
  "n_features": 63,
  "labels": [
    "PFOS",
    "PFBS",
    "PFHxA",
    "PFOA",
    "PFHpA",
    "PFBA",
    "PFPeA",
    "PFHxS",
    "PFPeS",
    "PFNA"
  ],
  "models": {
    "BinaryRelevance": {
      "spatial": {
        "macro_AUROC": 0.7262099396230434,
        "micro_AUROC": 0.7468784184229633,
        "macro_AP": 0.4739491044113323,
        "micro_F1": 0.5748510143665345,
        "macro_F1": 0.5382640228046964,
        "micro_precision": 0.4777685028982377,
        "macro_precision": 0.4494983497494915,
        "micro_recall": 0.7214494746491785,
        "macro_recall": 0.684418376278457,
        "micro_accuracy": 0.6918046224851649,
        "macro_accuracy": 0.6920905963071607,
        "Hamming": 0.30819537751483506,
        "EMR": 0.21434256606176377,
        "subset_accuracy": 0.21434256606176377,
        "n_full_panel_rows": 25128
      },
      "random": {
        "macro_AUROC": 0.9129901877276708,
        "micro_AUROC": 0.9200005192811835,
        "macro_AP": 0.8015258997424194,
        "micro_F1": 0.7674865618833776,
        "macro_F1": 0.7395391773610757,
        "micro_precision": 0.7414546769210544,
        "macro_precision": 0.711258510189927,
        "micro_recall": 0.7954128763838939,
        "macro_recall": 0.7712539364522083,
        "micro_accuracy": 0.860811213306892,
        "macro_accuracy": 0.8595985238880463,
        "Hamming": 0.13918878669310802,
        "EMR": 0.48567335243553006,
        "subset_accuracy": 0.48567335243553006,
        "n_full_panel_rows": 25128
      },
      "delta_macroAUROC": 0.18678024810462746,
      "per_label_spatial": [
        {
          "label": "PFOS",
          "n_measured": 46256,
          "prevalence": 0.3940245589761328,
          "AUROC": 0.6877994212202059,
          "AP": 0.5550813542718653,
          "f1": 0.5977904367339893,
          "precision": 0.49263816772174407,
          "recall": 0.7600131680017558,
          "accuracy": 0.5970252507782774
        },
        {
          "label": "PFBS",
          "n_measured": 44083,
          "prevalence": 0.39235079282263,
          "AUROC": 0.6974421895957443,
          "AP": 0.553818763399486,
          "f1": 0.6169866118863782,
          "precision": 0.5214528038315706,
          "recall": 0.755376965772433,
          "accuracy": 0.6320350248395072
        },
        {
          "label": "PFHxA",
          "n_measured": 44400,
          "prevalence": 0.3837162162162162,
          "AUROC": 0.6746199716394468,
          "AP": 0.5460177927758287,
          "f1": 0.5851607931058642,
          "precision": 0.4859204095880847,
          "recall": 0.7353407290015848,
          "accuracy": 0.5999324324324324
        },
        {
          "label": "PFOA",
          "n_measured": 46252,
          "prevalence": 0.3408933667733287,
          "AUROC": 0.7115358510490417,
          "AP": 0.5088717311396056,
          "f1": 0.5953820380217059,
          "precision": 0.48233674272226595,
          "recall": 0.7776368364305194,
          "accuracy": 0.6396912565943095
        },
        {
          "label": "PFHpA",
          "n_measured": 45099,
          "prevalence": 0.2651278298853633,
          "AUROC": 0.7016701903886913,
          "AP": 0.42112927384691284,
          "f1": 0.5248080521323957,
          "precision": 0.42718344624757104,
          "recall": 0.6802709709793426,
          "accuracy": 0.6733852191844608
        },
        {
          "label": "PFBA",
          "n_measured": 25816,
          "prevalence": 0.4103656647040595,
          "AUROC": 0.7498881322644732,
          "AP": 0.6302228792940084,
          "f1": 0.6819457033104579,
          "precision": 0.6282306163021869,
          "recall": 0.7457051161034548,
          "accuracy": 0.7145568639603347
        },
        {
          "label": "PFPeA",
          "n_measured": 25738,
          "prevalence": 0.40955008159142126,
          "AUROC": 0.7146635212911351,
          "AP": 0.5940648179543788,
          "f1": 0.6384695471108798,
          "precision": 0.5882023819039246,
          "recall": 0.6981311071055877,
          "accuracy": 0.6761986168311446
        },
        {
          "label": "PFHxS",
          "n_measured": 44115,
          "prevalence": 0.1537798934602743,
          "AUROC": 0.6869471191995827,
          "AP": 0.32611644915413474,
          "f1": 0.37870619946091644,
          "precision": 0.305878084179971,
          "recall": 0.4970518867924528,
          "accuracy": 0.7492009520571234
        },
        {
          "label": "PFPeS",
          "n_measured": 25948,
          "prevalence": 0.15762293818406042,
          "AUROC": 0.7190245060303658,
          "AP": 0.351337767245531,
          "f1": 0.4059261421690264,
          "precision": 0.2893258426966292,
          "recall": 0.6799511002444988,
          "accuracy": 0.6862956682595961
        },
        {
          "label": "PFNA",
          "n_measured": 45112,
          "prevalence": 0.025625110835254476,
          "AUROC": 0.9185084935517461,
          "AP": 0.252830215031571,
          "f1": 0.35746470411535,
          "precision": 0.2738150023009664,
          "recall": 0.5147058823529411,
          "accuracy": 0.952584678134421
        }
      ],
      "spread_spatial": {
        "macro_AUROC_std": 0.07293464371315125,
        "micro_F1_std": 0.19023863197385377,
        "Hamming_std": 0.09839248216663386,
        "EMR_std": 0.21355624866333012
      },
      "elapsed_s": 961.7
    },
    "FreqClassChain": {
      "spatial": {
        "macro_AUROC": 0.7315371922712728,
        "micro_AUROC": 0.7492040532005189,
        "macro_AP": 0.4802593176936741,
        "micro_F1": 0.5808502099726247,
        "macro_F1": 0.5424156575575528,
        "micro_precision": 0.48934410393875727,
        "macro_precision": 0.45871233545040024,
        "micro_recall": 0.714450673436288,
        "macro_recall": 0.6693872918161325,
        "micro_accuracy": 0.7022089053737217,
        "macro_accuracy": 0.7032657985183741,
        "Hamming": 0.2977910946262783,
        "EMR": 0.25620821394460364,
        "subset_accuracy": 0.25620821394460364,
        "n_full_panel_rows": 25128
      },
      "random": {
        "macro_AUROC": 0.9075637760964792,
        "micro_AUROC": 0.9143162195749492,
        "macro_AP": 0.7911192552730915,
        "micro_F1": 0.758090992863725,
        "macro_F1": 0.7311577476068232,
        "micro_precision": 0.7377927202649603,
        "macro_precision": 0.6987295998967601,
        "micro_recall": 0.7795377617939496,
        "macro_recall": 0.7752971937067952,
        "micro_accuracy": 0.8563180497888341,
        "macro_accuracy": 0.8550538091866094,
        "Hamming": 0.14368195021116595,
        "EMR": 0.49741324418974847,
        "subset_accuracy": 0.49741324418974847,
        "n_full_panel_rows": 25128
      },
      "delta_macroAUROC": 0.17602658382520642,
      "per_label_spatial": [
        {
          "label": "PFOS",
          "n_measured": 46256,
          "prevalence": 0.3940245589761328,
          "AUROC": 0.685983984177101,
          "AP": 0.5547702209124712,
          "f1": 0.5955151598613693,
          "precision": 0.5118967762301228,
          "recall": 0.7117853615713815,
          "accuracy": 0.6190115876859218
        },
        {
          "label": "PFBS",
          "n_measured": 44083,
          "prevalence": 0.39235079282263,
          "AUROC": 0.6970714232420514,
          "AP": 0.5460000936482345,
          "f1": 0.614977850963657,
          "precision": 0.5134580380310599,
          "recall": 0.7665356151711379,
          "accuracy": 0.6234149218519611
        },
        {
          "label": "PFHxA",
          "n_measured": 44400,
          "prevalence": 0.3837162162162162,
          "AUROC": 0.7089798082077268,
          "AP": 0.5618341324076577,
          "f1": 0.617032379911036,
          "precision": 0.535037062575418,
          "recall": 0.7287081058871867,