{
  "task": "T1a",
  "smoke": false,
  "seed": 42,
  "cap_km": 1.5,
  "k": 8,
  "n_blocks": 8,
  "models": {
    "graphsage": {
      "auc_spatial": 0.6184000739620175,
      "auc_spatial_std": 0.06707339423306034,
      "auc_random": 0.8145841561536062,
      "auc_random_std": 0.019339669898874316,
      "delta_random_minus_spatial": 0.19618408219158878,
      "per_fold_spatial": [
        0.5183248288089594,
        0.693397803308559,
        0.5833582915690152,
        0.5628941957711651,
        0.5539386468823406,
        0.6994911578244911,
        0.6535611209168948,
        0.6822345466147142
      ],
      "per_fold_random": [
        0.819310064935065,
        0.8215199250426903,
        0.8182602069535325,
        0.8511916418068823,
        0.8222594532946373,
        0.7947654475467943,
        0.8074178347291772,
        0.7819486749200711
      ],
      "total_removed_cross_block": 152
    },
    "gcn": {
      "auc_spatial": 0.6242587182251012,
      "auc_spatial_std": 0.07433919955522104,
      "auc_random": 0.8424043555707539,
      "auc_random_std": 0.017257595415255064,
      "delta_random_minus_spatial": 0.21814563734565273,
      "per_fold_spatial": [
        0.5407851923876941,
        0.7543930773588454,
        0.5093692031610106,
        0.613043096632744,
        0.5998256799754579,
        0.6188391361658689,
        0.6650668955197605,
        0.6927474645994272
      ],
      "per_fold_random": [
        0.849703823953824,
        0.822101310368957,
        0.8580030152471243,
        0.8645933767264186,
        0.85540368227006,
        0.8460884279247514,
        0.8300102167506117,
        0.813330991324284
      ],
      "total_removed_cross_block": 152
    }
  },
  "wall": {
    "RF_spatial": 0.601,
    "XGB_spatial": 0.588,
    "RF_random_strict": 0.898,
    "RF_delta": 0.297
  },
  "elapsed_min": 21.4
}