{
  "relation": "spatial",
  "completed_blocks": [
    0,
    1,
    2
  ],
  "per_fold": [
    {
      "fold": 0,
      "roc_auc": 0.5143458690286047,
      "pr_auc": 0.32480360752622484,
      "recall": 0.9577464788732394,
      "precision": 0.2332761578044597,
      "f1": 0.37517241379310345,
      "accuracy": 0.27751196172248804,
      "balanced_accuracy": 0.5180484971685785,
      "brier": 0.2296625415399532,
      "ece": 0.2512530440155031,
      "gain_top20pct": 0.21830985915492956,
      "lift_top20pct": 4.819728228526086,
      "gain_top10pct": 0.16901408450704225,
      "threshold_used": 0.05,
      "elapsed_s": 10.210207462310791
    },
    {
      "fold": 1,
      "roc_auc": 0.5573614589519162,
      "pr_auc": 0.5556427059879716,
      "recall": 0.13916500994035785,
      "precision": 0.42424242424242425,
      "f1": 0.20958083832335328,
      "accuracy": 0.45284974093264246,
      "balanced_accuracy": 0.4667686521563261,
      "brier": 0.3274676785159271,
      "ece": 0.27618718344880205,
      "gain_top20pct": 0.18886679920477137,
      "lift_top20pct": 1.811694445652131,
      "gain_top10pct": 0.08946322067594434,
      "threshold_used": 0.22999999999999998,
      "elapsed_s": 9.23697805404663
    },
    {
      "fold": 2,
      "roc_auc": 0.5987166191340421,
      "pr_auc": 0.3874465475201468,
      "recall": 0.8157894736842105,
      "precision": 0.4025974025974026,
      "f1": 0.5391304347826087,
      "accuracy": 0.6200716845878136,
      "balanced_accuracy": 0.6812937516204304,
      "brier": 0.21099549537778708,
      "ece": 0.13315916169885733,
      "gain_top20pct": 0.2236842105263158,
      "lift_top20pct": 4.105782548476454,
      "gain_top10pct": 0.13157894736842105,
      "threshold_used": 0.06,
      "elapsed_s": 13.498733520507812
    }
  ]
}