{
  "scheme": "hybrid_EPA_MCL_with_analytical_2.0_fallback",
  "detection_guard": true,
  "seed": 42,
  "n_rows": 46338,
  "per_label": {
    "PFOS": {
      "threshold_ngL": 4.0,
      "threshold_source": "EPA_MCL_2024",
      "regulated": true,
      "measured_frac": 0.9982303940610299,
      "detected_frac": 0.4926841900815745,
      "prevalence_hybrid": 0.39332729077646855,
      "prevalence_old_2.0": 0.4736285553972981,
      "usable_ge5pct": true,
      "keep": true
    },
    "PFHxS": {
      "threshold_ngL": 10.0,
      "threshold_source": "EPA_MCL_2024",
      "regulated": true,
      "measured_frac": 0.9520264146057231,
      "detected_frac": 0.4743191333247011,
      "prevalence_hybrid": 0.146402520609435,
      "prevalence_old_2.0": 0.453839181665156,
      "usable_ge5pct": true,
      "keep": true
    },
    "PFOA": {
      "threshold_ngL": 4.0,
      "threshold_source": "EPA_MCL_2024",
      "regulated": true,
      "measured_frac": 0.9981440718201045,
      "detected_frac": 0.45053735594976047,
      "prevalence_hybrid": 0.3402606931675946,
      "prevalence_old_2.0": 0.4304242738141482,
      "usable_ge5pct": true,
      "keep": true
    },
    "PFBS": {
      "threshold_ngL": 2.0,
      "threshold_source": "analytical_2.0",
      "regulated": false,
      "measured_frac": 0.9513358366783202,
      "detected_frac": 0.3973196944192671,
      "prevalence_hybrid": 0.373257369761319,
      "prevalence_old_2.0": 0.373257369761319,
      "usable_ge5pct": true,
      "keep": true
    },
    "PFHxA": {
      "threshold_ngL": 2.0,
      "threshold_source": "analytical_2.0",
      "regulated": false,
      "measured_frac": 0.9581768742716561,
      "detected_frac": 0.3851482584487893,
      "prevalence_hybrid": 0.367668004661401,
      "prevalence_old_2.0": 0.367668004661401,
      "usable_ge5pct": true,
      "keep": true
    },
    "FTS_6_2": {
      "threshold_ngL": 2.0,
      "threshold_source": "analytical_2.0",
      "regulated": false,
      "measured_frac": 0.5581811903837024,
      "detected_frac": 0.03910397513919461,
      "prevalence_hybrid": 0.0384565583322543,
      "prevalence_old_2.0": 0.0384565583322543,
      "usable_ge5pct": false,
      "keep": true
    },
    "PFHpA": {
      "threshold_ngL": 2.0,
      "threshold_source": "analytical_2.0",
      "regulated": false,
      "measured_frac": 0.9732616858733653,
      "detected_frac": 0.2787560965082653,
      "prevalence_hybrid": 0.2580387586861755,
      "prevalence_old_2.0": 0.2580387586861755,
      "usable_ge5pct": true,
      "keep": true
    },
    "PFBA": {
      "threshold_ngL": 2.0,
      "threshold_source": "analytical_2.0",
      "regulated": false,
      "measured_frac": 0.5571237429323666,
      "detected_frac": 0.2385515127972722,
      "prevalence_hybrid": 0.22862445509085416,
      "prevalence_old_2.0": 0.22862445509085416,
      "usable_ge5pct": true,
      "keep": true
    },
    "FTS_8_2": {
      "threshold_ngL": 2.0,
      "threshold_source": "analytical_2.0",
      "regulated": false,
      "measured_frac": 0.5583538348655531,
      "detected_frac": 0.01741551210669429,
      "prevalence_hybrid": 0.01650912857697786,
      "prevalence_old_2.0": 0.01650912857697786,
      "usable_ge5pct": false,
      "keep": true
    },
    "PFPeA": {
      "threshold_ngL": 2.0,
      "threshold_source": "analytical_2.0",
      "regulated": false,
      "measured_frac": 0.5554404592343217,
      "detected_frac": 0.23550865380465277,
      "prevalence_hybrid": 0.22748068539859295,
      "prevalence_old_2.0": 0.22748068539859295,
      "usable_ge5pct": true,
      "keep": true
    },
    "PFNA": {
      "threshold_ngL": 10.0,
      "threshold_source": "EPA_MCL_2024",
      "regulated": true,
      "measured_frac": 0.9735422331563728,
      "detected_frac": 0.13306573438646468,
      "prevalence_hybrid": 0.02494712762743321,
      "prevalence_old_2.0": 0.11301739393154646,
      "usable_ge5pct": false,
      "keep": true
    },
    "PFPeS": {
      "threshold_ngL": 2.0,
      "threshold_source": "analytical_2.0",
      "regulated": false,
      "measured_frac": 0.5599723768829039,
      "detected_frac": 0.0951702706202253,
      "prevalence_hybrid": 0.08826449134619535,
      "prevalence_old_2.0": 0.08826449134619535,
      "usable_ge5pct": true,
      "keep": true
    },
    "NEtFOSAA": {
      "threshold_ngL": 2.0,
      "threshold_source": "analytical_2.0",
      "regulated": false,
      "measured_frac": 0.5796538478138893,
      "detected_frac": 0.0056541067806120246,
      "prevalence_hybrid": 0.0051361733350597785,
      "prevalence_old_2.0": 0.0051361733350597785,
      "usable_ge5pct": false,
      "keep": true
    },
    "NMeFOSAA": {
      "threshold_ngL": 2.0,
      "threshold_source": "analytical_2.0",
      "regulated": false,
      "measured_frac": 0.5785532392420907,
      "detected_frac": 0.0022659588242910787,
      "prevalence_hybrid": 0.0020069921015149553,
      "prevalence_old_2.0": 0.0020069921015149553,
      "usable_ge5pct": false,
      "keep": true
    },
    "PFDA": {
      "threshold_ngL": 2.0,
      "threshold_source": "analytical_2.0",
      "regulated": false,
      "measured_frac": 0.9607233803789547,
      "detected_frac": 0.055850489878717255,
      "prevalence_hybrid": 0.044909145841426044,
      "prevalence_old_2.0": 0.044909145841426044,
      "usable_ge5pct": false,
      "keep": true
    },
    "HFPO_DA": {
      "threshold_ngL": 10.0,
      "threshold_source": "EPA_MCL_2024",
      "regulated": true,
      "measured_frac": 0.8759117786697743,
      "detected_frac": 0.000927964089947775,
      "prevalence_hybrid": 0.0,
      "prevalence_old_2.0": 0.0007984807285597134,
      "usable_ge5pct": false,
      "keep": false
    }
  },
  "retained_labels": [
    "PFOS",
    "PFHxS",
    "PFOA",
    "PFBS",
    "PFHxA",
    "FTS_6_2",
    "PFHpA",
    "PFBA",
    "FTS_8_2",
    "PFPeA",
    "PFNA",
    "PFPeS",
    "NEtFOSAA",
    "NMeFOSAA",
    "PFDA"
  ],
  "usable_ge5pct": [
    "PFOS",
    "PFHxS",
    "PFOA",
    "PFBS",
    "PFHxA",
    "PFHpA",
    "PFBA",
    "PFPeA",
    "PFPeS"
  ],
  "rare_regulated_flagged": [
    "PFNA"
  ],
  "n_retained": 15,
  "n_usable": 9,
  "labels_per_row_mean": 2.5552893953127023,
  "rows_all_negative_frac": 0.47796624800379817,
  "cooccurrence_pearson": {
    "PFOS": {
      "PFOS": 1.0,
      "PFHxS": 0.411,
      "PFOA": 0.706,
      "PFBS": 0.619,
      "PFHxA": 0.577,
      "FTS_6_2": 0.163,
      "PFHpA": 0.541,
      "PFBA": 0.411,
      "FTS_8_2": 0.147,
      "PFPeA": 0.375,
      "PFNA": 0.174,
      "PFPeS": 0.278,
      "NEtFOSAA": 0.083,
      "NMeFOSAA": 0.052,
      "PFDA": 0.255
    },
    "PFHxS": {
      "PFOS": 0.411,
      "PFHxS": 1.0,
      "PFOA": 0.434,
      "PFBS": 0.488,
      "PFHxA": 0.462,
      "FTS_6_2": 0.342,
      "PFHpA": 0.488,
      "PFBA": 0.352,
      "FTS_8_2": 0.21,
      "PFPeA": 0.363,
      "PFNA": 0.292,
      "PFPeS": 0.644,
      "NEtFOSAA": 0.075,
      "NMeFOSAA": 0.078,
      "PFDA": 0.111
    },
    "PFOA": {
      "PFOS": 0.706,
      "PFHxS": 0.434,
      "PFOA": 1.0,
      "PFBS": 0.654,
      "PFHxA": 0.742,
      "FTS_6_2": 0.219,
      "PFHpA": 0.742,
      "PFBA": 0.515,
      "FTS_8_2": 0.172,
      "PFPeA": 0.516,
      "PFNA": 0.216,
      "PFPeS": 0.333,
      "NEtFOSAA": 0.096,
      "NMeFOSAA": 0.059,
      "PFDA": 0.289
    },
    "PFBS": {
      "PFOS": 0.619,
      "PFHxS": 0.488,
      "PFOA": 0.654,
      "PFBS": 1.0,
      "PFHxA": 0.717,
      "FTS_6_2": 0.176,
      "PFHpA": 0.622,
      "PFBA": 0.518,
      "FTS_8_2": 0.093,
      "PFPeA": 0.524,
      "PFNA": 0.136,
      "PFPeS": 0.378,
      "NEtFOSAA": 0.024,
      "NMeFOSAA": 0.042,
      "PFDA": 0.229
    },
    "PFHxA": {
      "PFOS": 0.577,
      "PFHxS": 0.462,
      "PFOA": 0.742,
      "PFBS": 0.717,
      "PFHxA": 1.0,
      "FTS_6_2": 0.227,
      "PFHpA": 0.739,
      "PFBA": 0.527,
      "FTS_8_2": 0.139,
      "PFPeA": 0.653,
      "PFNA": 0.174,