{
  "relation": "subbasin_knn",
  "completed_blocks": [
    0,
    1,
    2
  ],
  "per_fold": [
    {
      "fold": 0,
      "roc_auc": 0.7444185685452569,
      "pr_auc": 0.67284964678682,
      "recall": 1.0,
      "precision": 0.46266233766233766,
      "f1": 0.632630410654828,
      "accuracy": 0.46955128205128205,
      "balanced_accuracy": 0.5117994100294985,
      "brier": 0.24018352173268062,
      "ece": 0.08479403080589101,
      "gain_top20pct": 0.312280701754386,
      "lift_top20pct": 3.41865189289012,
      "gain_top10pct": 0.1649122807017544,
      "threshold_used": 0.06,
      "elapsed_s": 10.538605213165283
    },
    {
      "fold": 1,
      "roc_auc": 0.6838679304500659,
      "pr_auc": 0.45193978615760777,
      "recall": 0.88268156424581,
      "precision": 0.3487858719646799,
      "f1": 0.5,
      "accuracy": 0.4935897435897436,
      "balanced_accuracy": 0.6098801079656017,
      "brier": 0.22024809685773797,
      "ece": 0.1465582771757734,
      "gain_top20pct": 0.3240223463687151,
      "lift_top20pct": 5.647763802627884,
      "gain_top10pct": 0.16201117318435754,
      "threshold_used": 0.06,
      "elapsed_s": 12.08568263053894
    },
    {
      "fold": 2,
      "roc_auc": 0.724591227063001,
      "pr_auc": 0.6088236395195233,
      "recall": 0.8093385214007782,
      "precision": 0.5502645502645502,
      "f1": 0.6551181102362205,
      "accuracy": 0.6484751203852327,
      "balanced_accuracy": 0.6724288235419191,
      "brier": 0.24821557694971014,
      "ece": 0.035593583510415194,
      "gain_top20pct": 0.2840466926070039,
      "lift_top20pct": 3.4428227528047355,
      "gain_top10pct": 0.14785992217898833,
      "threshold_used": 0.09,
      "elapsed_s": 10.557049989700317
    }
  ]
}