{
  "smoke": false,
  "config": {
    "outer_k": 8,
    "inner_k": 4,
    "gnn_epochs": 400,
    "gnn_patience": 50,
    "hidden": 64,
    "relations": [
      "subbasin_knn"
    ],
    "feature_cols_count": 61,
    "prevalence": 0.4452716992533126,
    "seed": 42,
    "elapsed_total_s": 4104.910362482071
  },
  "per_relation": {
    "subbasin_knn": {
      "spatial": {
        "aggregated": {
          "roc_auc_mean": 0.6460168682028106,
          "roc_auc_std": 0.11189867280190231,
          "pr_auc_mean": 0.5377576669785487,
          "pr_auc_std": 0.14532096455352048,
          "recall_mean": 0.7642136476030734,
          "recall_std": 0.16332710487774965,
          "precision_mean": 0.4288204100401529,
          "precision_std": 0.12122705339296033,
          "f1_mean": 0.5416476579170737,
          "f1_std": 0.1329123602996324,
          "accuracy_mean": 0.5499104636103227,
          "accuracy_std": 0.07998279849541598,
          "balanced_accuracy_mean": 0.574538638479271,
          "balanced_accuracy_std": 0.0736733025555719,
          "brier_mean": 0.2313436760162875,
          "brier_std": 0.021100876200150838,
          "ece_mean": 0.12353342819968346,
          "ece_std": 0.07175231209477897,
          "gain_top20pct_mean": 0.31372018836993276,
          "gain_top20pct_std": 0.110091973475293,
          "lift_top20pct_mean": 4.822032111526453,
          "lift_top20pct_std": 2.777566597385497,
          "gain_top10pct_mean": 0.17637578182087216,
          "gain_top10pct_std": 0.08126815652578227,
          "threshold_mean": 0.058750000000000004
        },
        "global_oof_auc": 0.6913657492360564,
        "bootstrap_ci": {
          "ci_low": 0.6741080216851132,
          "ci_high": 0.7069208737154903,
          "n_boot": 1000
        },
        "per_fold": [
          {
            "fold": 0,
            "roc_auc": 0.5354965530675718,
            "pr_auc": 0.21590071396787755,
            "recall": 0.6130653266331658,
            "precision": 0.21070811744386875,
            "f1": 0.31362467866323906,
            "accuracy": 0.44375,
            "balanced_accuracy": 0.5062698512272268,
            "brier": 0.2236118929758889,
            "ece": 0.24269683681700407,
            "gain_top20pct": 0.17462311557788945,
            "lift_top20pct": 4.212014848109896,
            "gain_top10pct": 0.07412060301507538,
            "threshold_used": 0.05,
            "elapsed_s": 263.8350074291229,
            "embed_dim": 64,
            "n_fused_features": 160,
            "threshold": 0.05
          },
          {
            "fold": 1,
            "roc_auc": 0.739521197981734,
            "pr_auc": 0.6751574524445282,
            "recall": 0.9114728066693132,
            "precision": 0.46487143146385906,
            "f1": 0.615714668812014,
            "accuracy": 0.5622422483580266,
            "balanced_accuracy": 0.6276579524905652,
            "brier": 0.2446539479267929,
            "ece": 0.06705739813405998,
            "gain_top20pct": 0.39341008336641525,
            "lift_top20pct": 5.112456958713618,
            "gain_top10pct": 0.22667725287812623,
            "threshold_used": 0.05,
            "elapsed_s": 244.20401525497437,
            "embed_dim": 64,
            "n_fused_features": 161,
            "threshold": 0.05
          },
          {
            "fold": 2,
            "roc_auc": 0.503779452244725,
            "pr_auc": 0.5597691160640234,
            "recall": 0.9982216398352677,
            "precision": 0.5891614186277759,
            "f1": 0.7409852011394428,
            "accuracy": 0.5958807588075881,
            "balanced_accuracy": 0.5202928956322874,
            "brier": 0.2598173706092922,
            "ece": 0.13195611618421524,
            "gain_top20pct": 0.17025458629726695,
            "lift_top20pct": 1.470047321782373,
            "gain_top10pct": 0.09425308873081242,
            "threshold_used": 0.05,
            "elapsed_s": 218.3810179233551,
            "embed_dim": 64,
            "n_fused_features": 157,
            "threshold": 0.05
          },
          {
            "fold": 3,
            "roc_auc": 0.6943115197991417,
            "pr_auc": 0.6203280264720541,
            "recall": 0.5943304007820137,
            "precision": 0.5135135135135135,
            "f1": 0.5509741730856366,
            "accuracy": 0.6145468689225982,
            "balanced_accuracy": 0.6111186887630999,
            "brier": 0.22059186658899732,
            "ece": 0.08378311366978516,
            "gain_top20pct": 0.3313782991202346,
            "lift_top20pct": 4.164093876041657,
            "gain_top10pct": 0.20039100684261973,
            "threshold_used": 0.09999999999999999,
            "elapsed_s": 267.0898861885071,
            "embed_dim": 64,
            "n_fused_features": 160,
            "threshold": 0.09999999999999999
          },
          {
            "fold": 4,
            "roc_auc": 0.7433849759174782,
            "pr_auc": 0.7031961116663101,
            "recall": 0.9083191850594228,
            "precision": 0.5744041228258535,
            "f1": 0.7037621678505657,
            "accuracy": 0.6253535185493262,
            "balanced_accuracy": 0.6309371528689156,
            "brier": 0.24470917159850994,
            "ece": 0.059753964831792,
            "gain_top20pct": 0.29168081494057724,
            "lift_top20pct": 2.976728995938556,
            "gain_top10pct": 0.14567062818336163,
            "threshold_used": 0.05,
            "elapsed_s": 248.9032163619995,
            "embed_dim": 64,
            "n_fused_features": 159,
            "threshold": 0.05
          },
          {
            "fold": 5,
            "roc_auc": 0.7643906282520143,
            "pr_auc": 0.5599532537989407,
            "recall": 0.7079207920792079,
            "precision": 0.3598993288590604,
            "f1": 0.4771968854282536,
            "accuracy": 0.6390168970814132,
            "balanced_accuracy": 0.663019455098663,
            "brier": 0.18597699048355731,
            "ece": 0.17727018286716834,
            "gain_top20pct": 0.5198019801980198,
            "lift_top20pct": 11.168022742868347,
            "gain_top10pct": 0.33828382838283827,
            "threshold_used": 0.07,
            "elapsed_s": 263.6487238407135,
            "embed_dim": 64,
            "n_fused_features": 161,
            "threshold": 0.07
          },
          {
            "fold": 6,
            "roc_auc": 0.7112395128301345,
            "pr_auc": 0.5363378660461148,
            "recall": 0.8488721804511278,
            "precision": 0.35127566894835094,
            "f1": 0.49691901408450706,
            "accuracy": 0.5004370629370629,
            "balanced_accuracy": 0.6032715800592052,
            "brier": 0.22781834314859672,
            "ece": 0.199373456554358,
            "gain_top20pct": 0.375187969924812,
            "lift_top20pct": 6.454361467578721,
            "gain_top10pct": 0.21654135338345865,
            "threshold_used": 0.05,
            "elapsed_s": 248.06550812721252,
            "embed_dim": 64,
            "n_fused_features": 161,
            "threshold": 0.05
          },
          {
            "fold": 7,
            "roc_auc": 0.47601110552968484,
            "pr_auc": 0.43141879536853966,
            "recall": 0.5315068493150685,
            "precision": 0.3667296786389414,
            "f1": 0.43400447427293065,
            "accuracy": 0.418056354226567,
            "balanced_accuracy": 0.43374153169420426,
            "brier": 0.24356982479866462,
            "ece": 0.026376356539084996,
            "gain_top20pct": 0.2534246575342466,
            "lift_top20pct": 3.0185306811784574,
            "gain_top10pct": 0.11506849315068493,
            "threshold_used": 0.05,
            "elapsed_s": 277.30517411231995,
            "embed_dim": 64,
            "n_fused_features": 161,
            "threshold": 0.05
          }
        ]
      },